City_ID,City,Country,Date,Lat,Lng,Max Temp,Humidity,Cloudiness,Wind Speed
0,Hilo,US,2022-03-29 02:13:09,19.7297,-155.09,78.53,72,100,10.36
1,Tete,MZ,2022-03-29 02:21:50,-16.1564,33.5867,73.49,100,75,4.61
2,Kurilsk,RU,2022-03-29 02:21:50,45.2333,147.8833,33.42,73,8,13.87
3,Ribeira Grande,PT,2022-03-29 02:21:31,38.5167,-28.7,60.31,85,99,5.7
4,Sao Filipe,CV,2022-03-29 02:21:50,14.8961,-24.4956,70.9,75,0,13.2
5,Nouakchott,MR,2022-03-29 02:21:51,18.0858,-15.9785,66.13,81,97,16.64
6,Florida,US,2022-03-29 02:20:17,28.7505,-82.5001,64.9,92,0,0.0
7,Lompoc,US,2022-03-29 02:20:14,34.6391,-120.4579,56.12,94,100,1.01
8,Lodja,CD,2022-03-29 02:21:51,-3.4833,23.4333,68.31,99,100,2.13
9,Banda Aceh,ID,2022-03-29 02:21:52,5.5577,95.3222,82.44,72,6,1.74
10,Melo,UY,2022-03-29 02:21:52,-32.3667,-54.1833,60.58,72,2,8.03
11,Upernavik,GL,2022-03-29 02:21:52,72.7868,-56.1549,20.97,68,100,6.15
12,Bambous Virieux,MU,2022-03-29 02:21:53,-20.3428,57.7575,74.21,94,20,5.75
13,Busselton,AU,2022-03-29 02:19:07,-33.65,115.3333,71.78,63,95,17.74
14,Barrow,US,2022-03-29 02:17:54,71.2906,-156.7887,1.42,66,0,24.16
15,Tiruchchendur,IN,2022-03-29 02:21:53,8.4833,78.1167,82.69,75,4,10.69
16,Takoradi,GH,2022-03-29 02:21:53,4.8845,-1.7554,80.51,89,59,7.43
17,Narsaq,GL,2022-03-29 02:21:32,60.9167,-46.05,23.52,75,11,5.41
18,Ola,RU,2022-03-29 02:21:54,59.5833,151.2833,25.14,56,100,12.82
19,Yerbogachen,RU,2022-03-29 02:21:54,61.2767,108.0108,16.23,91,99,7.31
20,Chengzihe,CN,2022-03-29 02:21:54,45.3333,131.0667,49.64,35,100,18.77
21,Lebu,CL,2022-03-29 02:21:55,-37.6167,-73.65,56.66,91,92,8.03
22,Ushuaia,AR,2022-03-29 02:13:14,-54.8,-68.3,42.46,75,100,10.36
23,Touros,BR,2022-03-29 02:20:53,-5.1989,-35.4608,79.57,81,90,9.93
24,Nome,US,2022-03-29 02:19:03,64.5011,-165.4064,26.67,74,0,14.97
25,Arona,ES,2022-03-29 02:21:55,28.0996,-16.681,59.83,72,20,1.14
26,Punta Arenas,CL,2022-03-29 02:19:00,-53.15,-70.9167,37.51,81,0,12.66
27,Chatellerault,FR,2022-03-29 02:21:56,46.8,0.5333,49.55,47,100,6.98
28,Rikitea,PF,2022-03-29 02:17:57,-23.1203,-134.9692,78.37,67,80,2.48
29,Saint-Philippe,RE,2022-03-29 02:21:56,-21.3585,55.7679,76.59,80,23,4.92
30,Hami,CN,2022-03-29 02:20:10,42.8,93.45,47.88,31,4,6.13
31,Kapaa,US,2022-03-29 02:19:09,22.0752,-159.319,79.2,72,20,6.91
32,San Cristobal,VE,2022-03-29 02:21:56,7.7669,-72.225,69.98,81,100,2.46
33,Acapulco,MX,2022-03-29 02:21:57,16.8634,-99.8901,76.82,73,0,6.91
34,Victoria,HK,2022-03-29 02:16:07,22.2855,114.1577,70.03,76,97,11.01
35,Stonewall,CA,2022-03-29 02:21:57,50.1344,-97.3268,31.78,81,100,12.86
36,Airai,TL,2022-03-29 02:21:57,-8.9266,125.4092,72.77,62,69,1.23
37,Butaritari,KI,2022-03-29 02:21:33,3.0707,172.7902,80.55,74,20,10.4
38,Albany,US,2022-03-29 02:17:44,42.6001,-73.9662,19.17,55,91,3.0
39,Guerrero Negro,MX,2022-03-29 02:18:27,27.9769,-114.0611,64.35,68,99,9.44
40,Bethel,US,2022-03-29 02:18:58,41.3712,-73.414,23.36,51,75,14.97
41,Antofagasta,CL,2022-03-29 02:20:50,-23.65,-70.4,63.68,83,60,4.79
42,Saskylakh,RU,2022-03-29 02:17:54,71.9167,114.0833,0.19,92,100,12.46
43,Mehamn,NO,2022-03-29 02:21:58,71.0357,27.8492,27.72,85,100,27.36
44,Kalengwa,ZM,2022-03-29 02:21:58,-13.4659,25.0027,63.01,99,100,4.34
45,Atuona,PF,2022-03-29 02:19:08,-9.8,-139.0333,79.38,77,100,14.32
46,New Norfolk,AU,2022-03-29 02:16:10,-42.7826,147.0587,70.92,48,9,2.17
47,Hithadhoo,MV,2022-03-29 02:19:01,-0.6,73.0833,81.32,65,23,5.84
48,Colares,PT,2022-03-29 02:22:59,38.7992,-9.4469,60.33,78,93,8.01
49,Price,US,2022-03-29 02:22:59,39.5994,-110.8107,47.46,71,100,5.75
50,Thompson,CA,2022-03-29 02:22:59,55.7435,-97.8558,19.56,73,100,3.44
51,Pangnirtung,CA,2022-03-29 02:17:52,66.1451,-65.7125,10.4,79,20,6.91
52,Chibombo,ZM,2022-03-29 02:23:00,-14.6569,28.0706,64.9,92,80,8.97
53,Tabas,IR,2022-03-29 02:23:00,33.5959,56.9244,54.1,16,0,3.78
54,Moindou,NC,2022-03-29 02:23:00,-21.6924,165.677,84.56,63,100,4.25
55,Jacobina,BR,2022-03-29 02:23:01,-11.1806,-40.5183,69.26,82,20,3.58
56,Agropoli,IT,2022-03-29 02:23:01,40.3469,14.9966,53.44,79,17,3.71
57,Avera,US,2022-03-29 02:17:45,33.194,-82.5271,60.31,44,7,8.32
58,Castro,BR,2022-03-29 02:19:09,-24.7911,-50.0119,62.67,97,48,8.77
59,Saint George,US,2022-03-29 02:19:31,37.1041,-113.5841,66.94,29,20,17.27
60,Montepuez,MZ,2022-03-29 02:23:01,-13.1256,38.9997,68.94,96,100,7.78
61,Batemans Bay,AU,2022-03-29 02:23:02,-35.7167,150.1833,73.09,64,100,8.75
62,Avarua,CK,2022-03-29 02:18:48,-21.2078,-159.775,82.45,78,95,6.91
63,Georgetown,MY,2022-03-29 02:17:39,5.4112,100.3354,85.95,79,20,5.75
64,Dicabisagan,PH,2022-03-29 02:23:02,17.0818,122.4157,83.57,68,66,5.79
65,Chokurdakh,RU,2022-03-29 02:23:02,70.6333,147.9167,3.94,86,18,3.71
66,Bluff,NZ,2022-03-29 02:17:44,-46.6,168.3333,62.38,73,100,5.46
67,Komsomolskiy,UZ,2022-03-29 02:18:19,40.4272,71.7189,50.72,71,100,4.61
68,Port Elizabeth,ZA,2022-03-29 02:17:44,-33.918,25.5701,71.1,89,0,2.3
69,Slave Lake,CA,2022-03-29 02:23:03,55.2834,-114.769,31.98,80,0,2.3
70,Calama,CL,2022-03-29 02:23:03,-22.4667,-68.9333,55.89,26,0,5.75
71,Bredasdorp,ZA,2022-03-29 02:19:08,-34.5322,20.0403,62.8,75,100,4.05
72,Hermanus,ZA,2022-03-29 02:17:45,-34.4187,19.2345,61.81,76,66,9.33
73,Port Alfred,ZA,2022-03-29 02:19:06,-33.5906,26.891,72.99,65,10,1.95
74,Jamestown,US,2022-03-29 02:19:02,42.097,-79.2353,20.79,63,100,14.97
75,Periyanayakkanpalaiyam,IN,2022-03-29 02:23:04,11.15,76.9333,78.39,89,2,2.3
76,Provideniya,RU,2022-03-29 02:23:04,64.3833,-173.3,17.71,67,0,11.18
77,Mocuba,MZ,2022-03-29 02:23:05,-16.8392,36.9856,69.94,99,63,4.05
78,Hobyo,SO,2022-03-29 02:23:05,5.3505,48.5268,79.74,73,100,14.94
79,La Carolina,ES,2022-03-29 02:23:05,38.2756,-3.6153,50.25,88,100,2.46
80,Ancud,CL,2022-03-29 02:16:40,-41.8697,-73.8203,45.23,75,54,21.34
81,Aguililla,MX,2022-03-29 02:23:06,18.7333,-102.7333,69.8,52,0,6.38
82,Portland,US,2022-03-29 02:20:24,45.5234,-122.6762,58.98,79,75,8.05
83,Lanzhou,CN,2022-03-29 02:23:06,36.0564,103.7922,48.78,38,87,8.14
84,Kruisfontein,ZA,2022-03-29 02:23:06,-34.0033,24.7314,68.88,77,94,4.94
85,Bani,DO,2022-03-29 02:23:07,18.2833,-70.3333,74.86,77,95,10.8
86,Kununurra,AU,2022-03-29 02:19:22,-15.7667,128.7333,91.38,58,100,5.75
87,Arlit,NE,2022-03-29 02:23:07,18.7369,7.3853,74.25,6,6,5.95
88,Namibe,AO,2022-03-29 02:23:07,-15.1961,12.1522,69.6,75,53,8.46
89,Cherskiy,RU,2022-03-29 02:17:53,68.75,161.3,4.71,83,33,5.95
90,Mataura,NZ,2022-03-29 02:19:03,-46.1927,168.8643,69.08,52,85,1.97
91,Nikolskoye,RU,2022-03-29 02:17:55,59.7035,30.7861,25.88,89,100,6.11
92,Belmonte,BR,2022-03-29 02:24:08,-15.8631,-38.8828,77.85,82,97,6.04
93,Matara,LK,2022-03-29 02:24:08,5.9485,80.5353,80.31,79,42,3.58
94,Araci,BR,2022-03-29 02:24:08,-11.3333,-38.9667,72.03,86,99,6.78
95,Berlevag,NO,2022-03-29 02:24:09,70.8578,29.0864,26.4,78,100,26.06
96,Puerto Ayora,EC,2022-03-29 02:24:09,-0.7393,-90.3518,78.08,87,46,8.16
97,Sur,OM,2022-03-29 02:24:09,22.5667,59.5289,76.84,65,0,8.21
98,Chuy,UY,2022-03-29 02:24:10,-33.6971,-53.4616,63.77,80,0,9.44
99,Yellowknife,CA,2022-03-29 02:20:18,62.456,-114.3525,12.42,86,75,3.44
100,Yantikovo,RU,2022-03-29 02:24:10,55.8216,47.9104,21.92,95,100,18.97
101,Ambilobe,MG,2022-03-29 02:24:10,-13.2,49.05,72.12,96,7,2.89
102,Hobart,AU,2022-03-29 02:14:42,-42.8794,147.3294,70.27,62,20,5.75
103,Santa Cruz,BO,2022-03-29 02:24:11,-17.8,-63.1667,74.66,88,100,4.61
104,Khatanga,RU,2022-03-29 02:14:49,71.9667,102.5,-0.6,94,100,11.48
105,East London,ZA,2022-03-29 02:17:01,-33.0153,27.9116,78.3,49,32,2.51
106,Lorengau,PG,2022-03-29 02:24:11,-2.0226,147.2712,82.29,78,98,11.14
107,Lavrentiya,RU,2022-03-29 02:21:25,65.5833,-171.0,9.07,80,4,6.51
108,Cidreira,BR,2022-03-29 02:24:12,-30.1811,-50.2056,70.84,80,0,12.35
109,Coquimbo,CL,2022-03-29 02:19:04,-29.9533,-71.3436,56.93,94,0,5.75
110,Hasaki,JP,2022-03-29 02:24:12,35.7333,140.8333,52.29,57,100,11.18
111,Tuatapere,NZ,2022-03-29 02:21:25,-46.1333,167.6833,66.0,62,100,4.88
112,Asau,RO,2022-03-29 02:24:13,46.4333,26.4,32.92,62,80,6.6
113,Mahebourg,MU,2022-03-29 02:24:13,-20.4081,57.7,73.26,94,20,5.75
114,Nishihara,JP,2022-03-29 02:24:13,26.1842,127.7558,70.88,92,100,9.22
115,Kroya,ID,2022-03-29 02:24:14,-7.6331,109.2461,83.25,73,100,2.66
116,Maniitsoq,GL,2022-03-29 02:24:14,65.4167,-52.9,21.42,75,8,7.16
117,Dargaville,NZ,2022-03-29 02:24:14,-35.9333,173.8833,73.26,58,2,8.77
118,Cayenne,GF,2022-03-29 02:24:15,4.9333,-52.3333,81.09,1,75,4.61
119,Nuuk,GL,2022-03-29 02:24:15,64.1835,-51.7216,29.01,93,100,6.91
120,Sawankhalok,TH,2022-03-29 02:24:15,17.316,99.8319,80.49,89,40,2.3
121,Stokmarknes,NO,2022-03-29 02:24:16,68.5646,14.9108,15.78,79,75,0.0
122,Carnarvon,AU,2022-03-29 02:24:16,-24.8667,113.6333,82.47,65,40,14.97
123,Dzhida,RU,2022-03-29 02:24:16,50.6772,106.1806,20.23,77,99,2.98
124,Valdivia,CL,2022-03-29 02:24:11,-39.8142,-73.2459,55.49,82,35,6.6
125,Turukhansk,RU,2022-03-29 02:24:17,65.8167,87.9833,18.43,91,100,14.83
126,Shakhovskaya,RU,2022-03-29 02:24:17,56.0283,35.5097,30.4,85,46,15.17
127,Canandaigua,US,2022-03-29 02:24:17,42.8742,-77.288,22.57,83,97,10.0
128,Cockburn Town,TC,2022-03-29 02:19:40,21.4612,-71.1419,76.69,67,1,18.07
129,Vaini,TO,2022-03-29 02:17:45,-21.2,-175.2,82.56,78,75,12.66
130,Kimbe,PG,2022-03-29 02:24:18,-5.5502,150.1429,77.45,92,100,3.6
131,Grindavik,IS,2022-03-29 02:24:18,63.8424,-22.4338,37.87,81,75,16.11
132,Shieli,KZ,2022-03-29 02:24:18,44.1667,66.75,37.26,74,100,23.24
133,Geraldton,AU,2022-03-29 02:20:21,-28.7667,114.6,82.81,65,75,25.32
134,Parkes,AU,2022-03-29 02:25:19,-33.1333,148.1833,75.63,61,100,8.9
135,Srednekolymsk,RU,2022-03-29 02:25:19,67.45,153.6833,11.12,78,8,9.71
136,Velyka Pysarivka,UA,2022-03-29 02:25:20,50.4259,35.485,42.31,65,21,18.16
137,Rovaniemi,FI,2022-03-29 02:25:20,66.5,25.7167,13.41,79,0,11.5
138,Saint-Joseph,RE,2022-03-29 02:25:20,-21.3667,55.6167,75.58,77,15,4.29
139,Vardo,NO,2022-03-29 02:25:21,70.3705,31.1107,28.92,68,100,27.29
140,Thinadhoo,MV,2022-03-29 02:25:21,0.5333,72.9333,81.5,64,2,5.44
141,Aktau,KZ,2022-03-29 02:25:21,43.65,51.2,36.18,54,6,13.02
142,Cape Town,ZA,2022-03-29 02:16:24,-33.9258,18.4232,64.27,76,75,18.41
143,Xai-Xai,MZ,2022-03-29 02:25:21,-25.0519,33.6442,67.08,86,0,3.06
144,Te Anau,NZ,2022-03-29 02:25:22,-45.4167,167.7167,66.6,54,91,1.59
145,Kodiak,US,2022-03-29 02:16:16,57.79,-152.4072,38.71,87,100,4.61
146,Gat,IL,2022-03-29 02:23:03,31.61,34.7642,63.28,41,83,7.85
147,Arraial Do Cabo,BR,2022-03-29 02:25:22,-22.9661,-42.0278,75.47,88,100,7.94
148,Inuvik,CA,2022-03-29 02:25:23,68.3499,-133.7218,0.46,50,0,9.22
149,Faanui,PF,2022-03-29 02:20:19,-16.4833,-151.75,82.62,68,38,15.08
150,Kieta,PG,2022-03-29 02:25:23,-6.2167,155.6333,83.17,80,82,8.72
151,Tawang,IN,2022-03-29 02:20:19,27.5833,91.8667,47.79,75,74,2.73
152,Bentiu,SS,2022-03-29 02:25:23,9.2333,29.8333,78.33,15,50,4.65
153,Kavieng,PG,2022-03-29 02:21:31,-2.5744,150.7967,84.31,66,100,5.79
154,Poum,NC,2022-03-29 02:25:24,-20.2333,164.0167,81.5,81,100,20.98
155,Qaanaaq,GL,2022-03-29 02:19:07,77.484,-69.3632,8.26,96,100,0.09
156,Aljezur,PT,2022-03-29 02:25:24,37.3191,-8.8033,55.49,95,99,6.76
157,Shenavan,AM,2022-03-29 02:25:24,40.0549,43.9288,28.98,80,0,8.05
158,Nanakuli,US,2022-03-29 02:25:25,21.3906,-158.1547,80.55,60,20,6.91
159,Fortuna,US,2022-03-29 02:25:25,40.5982,-124.1573,54.93,86,99,5.99
160,Rio Grande,BR,2022-03-29 02:25:25,-32.035,-52.0986,63.95,75,0,13.33
161,Manokwari,ID,2022-03-29 02:20:18,-0.8667,134.0833,83.86,69,100,8.25
162,Sinop,TR,2022-03-29 02:25:26,41.7711,34.8709,39.54,82,39,11.03
163,Coihaique,CL,2022-03-29 02:25:26,-45.5752,-72.0662,39.15,87,100,0.0
164,Timra,SE,2022-03-29 02:25:26,62.487,17.3257,22.68,74,100,5.75
165,Collie,AU,2022-03-29 02:25:27,-33.3667,116.15,69.12,67,100,12.95
166,Pevek,RU,2022-03-29 02:25:27,69.7008,170.3133,-7.31,87,18,1.81
167,Boyabat,TR,2022-03-29 02:25:27,41.4689,34.7667,41.86,80,37,1.9
168,Saint Anthony,US,2022-03-29 02:21:29,45.0205,-93.218,35.65,35,100,12.66
169,Tuktoyaktuk,CA,2022-03-29 02:18:59,69.4541,-133.0374,-9.4,77,0,11.5
170,Felanitx,ES,2022-03-29 02:25:28,39.4696,3.1483,53.13,91,58,7.49
171,Ilulissat,GL,2022-03-29 02:19:05,69.2167,-51.1,30.22,55,12,13.8
172,Innisfail,AU,2022-03-29 02:21:29,-17.5333,146.0333,83.53,69,70,6.15
173,Muli,MV,2022-03-29 02:25:28,2.9167,73.5667,81.72,71,10,3.56
174,Svetlyy,RU,2022-03-29 02:25:29,54.675,20.1347,39.25,92,84,11.5
175,Vila Velha,BR,2022-03-29 02:25:29,-20.3297,-40.2925,78.75,89,40,4.61
176,Aguadilla,PR,2022-03-29 02:25:29,18.4275,-67.1541,74.61,84,99,10.2
177,Marystown,CA,2022-03-29 02:25:29,47.1666,-55.1483,37.85,100,100,5.99
178,Maldonado,UY,2022-03-29 02:25:30,-34.6667,-54.9167,63.79,75,55,8.59
179,Port Hardy,CA,2022-03-29 02:16:10,50.6996,-127.4199,51.98,62,40,5.75
180,Karakol,KG,2022-03-29 02:25:30,42.4907,78.3936,33.82,66,100,0.96
181,Westport,US,2022-03-29 02:23:37,41.1415,-73.3579,24.84,46,20,11.5
182,Aloleng,PH,2022-03-29 02:26:31,16.1307,119.7824,89.33,53,85,12.71
183,Dax,FR,2022-03-29 02:26:31,43.75,-1.1667,52.39,93,100,4.61
184,Suntar,RU,2022-03-29 02:26:31,62.1444,117.6319,17.71,84,97,5.37
185,San Vicente,AR,2022-03-29 02:26:31,-26.6167,-54.1333,62.46,77,0,2.44
186,Mar Del Plata,AR,2022-03-29 02:20:15,-38.0023,-57.5575,67.87,84,0,12.66
187,Gevrai,IN,2022-03-29 02:26:32,19.2667,75.75,84.31,21,92,5.66
188,Atar,MR,2022-03-29 02:26:32,20.5169,-13.0499,74.5,28,100,6.04
189,Iqaluit,CA,2022-03-29 02:21:26,63.7506,-68.5145,11.93,92,100,0.0
190,Buala,SB,2022-03-29 02:26:33,-8.145,159.5921,83.68,78,99,7.29
191,Warri,NG,2022-03-29 02:26:33,5.5167,5.75,80.47,85,79,3.47
192,Eidfjord,NO,2022-03-29 02:26:33,60.4675,7.0719,27.81,98,100,1.95
193,Oxapampa,PE,2022-03-29 02:26:34,-10.5775,-75.4017,57.34,91,96,3.94
194,Xinmin,CN,2022-03-29 02:26:34,41.9908,122.8253,51.58,31,100,25.64
195,Abong Mbang,CM,2022-03-29 02:26:34,3.9833,13.1833,65.7,91,20,3.78
196,Klaksvik,FO,2022-03-29 02:26:35,62.2266,-6.589,32.92,62,100,16.44
197,Rabat,MA,2022-03-29 02:26:35,33.9911,-6.8401,60.04,95,48,0.0
198,Dingle,PH,2022-03-29 02:26:35,10.9995,122.6711,86.11,66,88,15.28
199,Melton,AU,2022-03-29 02:26:35,-37.6833,144.5833,68.74,74,93,5.06
200,Riberalta,BO,2022-03-29 02:26:36,-10.9833,-66.1,73.47,87,93,0.18
201,Aklavik,CA,2022-03-29 02:26:36,68.2191,-135.0107,1.76,92,100,4.5
202,Sao Joao Da Barra,BR,2022-03-29 02:26:36,-21.6403,-41.0511,76.91,87,92,5.26
203,Longyearbyen,SJ,2022-03-29 02:21:28,78.2186,15.6401,6.64,72,20,5.75
204,Tessalit,ML,2022-03-29 02:26:37,20.1986,1.0114,79.32,8,33,12.08
205,Lebork,PL,2022-03-29 02:26:37,54.5392,17.7501,43.92,95,60,8.14
206,Salalah,OM,2022-03-29 02:26:37,17.0151,54.0924,84.29,18,0,12.66
207,Vanimo,PG,2022-03-29 02:26:38,-2.6741,141.3028,78.76,87,100,5.14
208,Padang,ID,2022-03-29 02:26:38,-0.9492,100.3543,84.25,56,6,1.81
209,Chunskiy,RU,2022-03-29 02:26:39,56.0815,99.6342,22.15,83,54,1.1
210,Ust-Shonosha,RU,2022-03-29 02:26:39,61.1531,41.343,16.21,95,100,6.44
211,Ambanja,MG,2022-03-29 02:26:39,-13.6833,48.45,73.54,93,22,3.04
212,Camana,PE,2022-03-29 02:26:39,-16.6228,-72.7111,70.56,83,83,5.21
213,Richmond,US,2022-03-29 02:25:00,37.5538,-77.4603,35.91,42,0,9.22
214,Baykit,RU,2022-03-29 02:26:40,61.67,96.37,11.57,91,57,2.04
215,Kaitangata,NZ,2022-03-29 02:17:46,-46.2817,169.8464,62.42,75,95,5.55
216,Raton,US,2022-03-29 02:26:40,36.9034,-104.4391,61.05,20,0,6.91
217,Macroom,IE,2022-03-29 02:26:40,51.9,-8.95,44.67,87,5,3.22
218,San Juan,AR,2022-03-29 02:26:41,-31.5375,-68.5364,76.32,25,0,5.35
219,Englewood,US,2022-03-29 02:25:36,39.6478,-104.9878,69.3,15,75,9.22
220,Rio Bueno,CL,2022-03-29 02:26:41,-40.3167,-72.9667,48.34,93,64,3.89
221,Bara,NG,2022-03-29 02:26:42,10.3744,10.7288,71.33,12,3,7.85
222,Karratha,AU,2022-03-29 02:26:42,-20.7377,116.8463,86.16,58,34,1.54
223,Fort Nelson,CA,2022-03-29 02:26:42,58.8053,-122.7002,42.39,31,20,4.61
224,Jarvakandi,EE,2022-03-29 02:27:43,58.7789,24.8258,27.82,87,94,5.7
225,Opuwo,NA,2022-03-29 02:27:43,-18.0607,13.84,67.14,52,100,3.53
226,Puerto Narino,CO,2022-03-29 02:27:43,-3.7703,-70.3831,71.56,100,100,2.35
227,Lasa,IT,2022-03-29 02:27:43,46.6166,10.7002,41.02,80,99,2.46
228,Codrington,AU,2022-03-29 02:27:44,-38.2667,141.9667,64.42,59,66,9.82
229,Jampur,PK,2022-03-29 02:27:44,29.6441,70.5954,76.05,14,0,8.5
230,Voznesenye,RU,2022-03-29 02:27:44,61.0106,35.4781,17.91,88,100,9.15
231,Baghdad,IQ,2022-03-29 02:27:45,33.3406,44.4009,54.28,38,0,9.69
232,Pine Bluff,US,2022-03-29 02:27:45,34.2284,-92.0032,62.53,64,0,5.75
233,Boyolangu,ID,2022-03-29 02:27:45,-8.1181,111.8935,82.56,73,89,3.53
234,Souillac,MU,2022-03-29 02:19:10,-20.5167,57.5167,70.18,94,20,5.75
235,Cilegon,ID,2022-03-29 02:27:46,-6.0174,106.0538,82.53,75,100,10.71
236,Tigil,RU,2022-03-29 02:19:06,57.8,158.6667,27.5,84,100,7.09
237,Vao,NC,2022-03-29 02:20:14,-22.6667,167.4833,78.33,73,99,12.19
238,Santo Nino,PH,2022-03-29 02:27:46,6.435,124.6975,85.96,64,59,2.48
239,Dikson,RU,2022-03-29 02:27:46,73.5069,80.5464,-1.68,95,100,7.25
240,Riyadh,SA,2022-03-29 02:24:00,24.6877,46.7219,57.34,25,0,9.95
241,Henties Bay,NA,2022-03-29 02:27:47,-22.116,14.2845,62.98,85,74,5.91
242,Tautira,PF,2022-03-29 02:27:47,-17.7333,-149.15,81.45,75,64,13.53
243,Chunhuhub,MX,2022-03-29 02:27:47,19.55,-88.6833,75.04,66,98,6.02
244,Luderitz,NA,2022-03-29 02:27:48,-26.6481,15.1594,59.4,91,32,3.09
245,Port Hedland,AU,2022-03-29 02:15:18,-20.3167,118.5667,93.25,43,21,3.44
246,Hukuntsi,BW,2022-03-29 02:27:48,-24.0,21.75,72.37,49,100,13.02
247,Russkaya Polyana,UA,2022-03-29 02:27:48,49.417,31.9201,44.28,55,17,14.85
248,Namie,JP,2022-03-29 02:27:49,37.4833,141.0,53.71,67,100,6.8
249,Betare Oya,CM,2022-03-29 02:27:49,5.6,14.0833,70.59,19,69,2.44
250,Champasak,LA,2022-03-29 02:27:49,14.75,106.0,85.08,89,99,1.03
251,Leningradskiy,RU,2022-03-29 02:20:12,69.3833,178.4167,-2.76,93,22,2.53
252,Breves,BR,2022-03-29 02:27:50,-1.6822,-50.4803,73.09,99,100,2.46
253,Ilheus,BR,2022-03-29 02:27:50,-14.7889,-39.0494,76.03,85,100,4.45
254,Norman Wells,CA,2022-03-29 02:27:50,65.282,-126.8329,10.44,61,40,3.44
255,Sokol,RU,2022-03-29 02:27:51,59.4617,40.1206,20.08,94,100,8.88
256,Sept-Iles,CA,2022-03-29 02:20:22,50.2001,-66.3821,30.06,95,100,3.44
257,Dabakala,CI,2022-03-29 02:27:51,8.3667,-4.4333,80.71,50,37,4.41
258,Saldanha,ZA,2022-03-29 02:27:51,-33.0117,17.9442,59.05,94,100,15.1
259,Lata,PT,2022-03-29 02:27:55,40.1629,-8.3327,58.08,76,100,2.21
260,Svirstroy,RU,2022-03-29 02:27:55,60.7999,33.7248,12.22,96,78,5.06
261,Merrill,US,2022-03-29 02:27:56,45.1805,-89.6835,29.97,52,0,0.0
262,Palmer,US,2022-03-29 02:27:56,42.1584,-72.3287,21.85,45,100,12.66
263,Kandrian,PG,2022-03-29 02:27:56,-6.2167,149.55,79.61,83,100,11.45
264,Mugumu,TZ,2022-03-29 02:27:56,-1.85,34.7,59.58,95,100,3.8
265,Alyangula,AU,2022-03-29 02:27:57,-13.8483,136.4192,89.47,66,40,8.05
266,Bandarbeyla,SO,2022-03-29 02:27:57,9.4942,50.8122,77.02,80,33,6.96
267,Ponta Do Sol,PT,2022-03-29 02:20:23,32.6667,-17.1,63.05,81,67,9.46
268,Sakakah,SA,2022-03-29 02:27:57,29.9697,40.2064,51.37,36,0,8.05
269,Porto Nacional,BR,2022-03-29 02:27:57,-10.7081,-48.4172,75.2,91,100,3.49
270,Carlisle,US,2022-03-29 02:27:58,40.2015,-77.1889,26.64,46,52,5.99
271,Kamaishi,JP,2022-03-29 02:27:58,39.2667,141.8833,45.5,55,97,6.67
272,Cabo San Lucas,MX,2022-03-29 02:28:58,22.8909,-109.9124,76.3,40,0,20.71
273,Rabo De Peixe,PT,2022-03-29 02:28:59,37.8,-25.5833,56.71,77,40,5.75
274,Balabac,PH,2022-03-29 02:28:59,7.9868,117.0645,81.66,76,100,5.26
275,Sitka,US,2022-03-29 02:28:59,57.0531,-135.33,44.49,53,100,14.97
276,Emba,KZ,2022-03-29 02:29:00,48.8264,58.1442,19.02,93,99,17.05
277,Darapidap,PH,2022-03-29 02:29:00,17.2131,120.4114,91.02,49,27,5.21
278,Tiksi,RU,2022-03-29 02:29:00,71.6872,128.8694,-3.5,91,80,3.89
279,Sao Paulo De Olivenca,BR,2022-03-29 02:29:00,-3.3783,-68.8725,72.48,100,100,3.15
280,Auki,SB,2022-03-29 02:29:01,-8.7676,160.7034,82.38,83,100,5.55
281,Batagay-Alyta,RU,2022-03-29 02:29:01,67.8006,130.4114,5.13,69,31,1.61
282,Nyurba,RU,2022-03-29 02:29:01,63.2842,118.3319,13.82,86,92,5.68
283,Bengkulu,ID,2022-03-29 02:29:02,-3.8004,102.2655,80.83,67,100,5.14
284,Beringovskiy,RU,2022-03-29 02:29:02,63.05,179.3167,4.75,87,74,9.75
285,La Ronge,CA,2022-03-29 02:29:02,55.1001,-105.2842,23.25,93,100,8.05
286,Port-Cartier,CA,2022-03-29 02:29:03,50.0334,-66.8654,29.75,84,92,9.48
287,Lhokseumawe,ID,2022-03-29 02:29:03,5.1801,97.1507,82.87,74,16,3.51
288,Torbay,CA,2022-03-29 02:29:03,47.6666,-52.7314,38.28,93,100,8.05
289,Portobelo,PA,2022-03-29 02:29:04,9.55,-79.65,77.72,86,82,15.86
290,Papara,BR,2022-03-29 02:29:04,-3.9839,-38.7273,75.69,98,98,1.61
291,Zhigansk,RU,2022-03-29 02:29:04,66.7697,123.3711,5.86,88,51,6.42
292,Praia Da Vitoria,PT,2022-03-29 02:29:04,38.7333,-27.0667,55.76,94,20,5.26
293,Malyn,UA,2022-03-29 02:29:05,50.7723,29.2383,44.65,68,27,13.8
294,Sumbe,AO,2022-03-29 02:29:05,-11.2061,13.8437,77.88,86,100,6.89
295,Tonder,DK,2022-03-29 02:29:05,54.9331,8.8667,41.04,83,84,13.65
296,Jacareacanga,BR,2022-03-29 02:29:06,-6.2222,-57.7528,73.63,99,92,2.19
297,Shenjiamen,CN,2022-03-29 02:29:06,29.9576,122.298,54.5,72,0,8.93
298,Bambanglipuro,ID,2022-03-29 02:29:06,-7.95,110.2833,83.88,68,97,1.9
299,Benguela,AO,2022-03-29 02:24:29,-12.5763,13.4055,76.64,85,71,3.36
300,Constantine,DZ,2022-03-29 02:29:07,36.365,6.6147,51.21,76,93,3.44
301,The Pas,CA,2022-03-29 02:29:07,53.8251,-101.2541,24.82,63,75,6.91
302,Dumas,US,2022-03-29 02:29:07,35.8656,-101.9732,66.54,20,0,10.36
303,Nanortalik,GL,2022-03-29 02:29:08,60.1432,-45.2371,29.1,85,11,3.18
304,Dunedin,NZ,2022-03-29 02:24:40,-45.8742,170.5036,61.09,79,89,3.85
305,Warrnambool,AU,2022-03-29 02:26:40,-38.3833,142.4833,68.81,66,99,7.07
306,Kulhudhuffushi,MV,2022-03-29 02:29:08,6.6221,73.07,82.45,70,4,2.3
307,Antalaha,MG,2022-03-29 02:29:08,-14.9003,50.2788,73.58,86,30,4.25
308,Tasiilaq,GL,2022-03-29 02:29:09,65.6145,-37.6368,26.76,87,100,10.22
309,Dondo,MZ,2022-03-29 02:29:09,-19.6094,34.7431,70.11,88,36,5.23
310,Krasnovishersk,RU,2022-03-29 02:29:09,60.4078,57.082,15.58,94,100,5.03
311,Laguna,US,2022-03-29 02:29:10,38.421,-121.4238,58.06,87,0,5.75
312,Nioro,GM,2022-03-29 02:29:10,13.35,-15.75,76.93,41,42,12.15
313,Zaozerne,UA,2022-03-29 02:29:10,45.1582,33.2787,44.37,72,5,22.53
314,Oktyabrskiy,RU,2022-03-29 02:26:01,54.4815,53.471,15.71,91,97,13.31
315,Qui Nhon,VN,2022-03-29 02:29:11,13.7667,109.2333,80.56,73,80,12.46
316,Paamiut,GL,2022-03-29 02:29:11,61.994,-49.6678,22.41,76,22,4.79
317,Penzance,GB,2022-03-29 02:26:29,50.1186,-5.5371,48.88,87,100,6.51
318,Jiblah,YE,2022-03-29 02:30:12,13.9216,44.1467,56.91,35,6,6.04
319,Aykhal,RU,2022-03-29 02:30:12,66.0,111.5,6.42,85,70,10.78
320,Taoudenni,ML,2022-03-29 02:30:12,22.6783,-3.9836,86.22,12,99,3.02
321,Tezu,IN,2022-03-29 02:30:13,27.9167,96.1667,84.87,31,33,3.42
322,Safaga,EG,2022-03-29 02:30:13,26.7292,33.9365,66.38,35,0,16.87
323,Xining,CN,2022-03-29 02:30:13,36.6167,101.7667,42.49,35,100,6.98
324,Talnakh,RU,2022-03-29 02:30:14,69.4865,88.3972,13.21,91,100,11.97
325,Los Llanos De Aridane,ES,2022-03-29 02:30:14,28.6585,-17.9182,58.75,89,0,5.99
326,Esperance,AU,2022-03-29 02:30:15,-33.8667,121.9,69.64,66,99,12.24
327,Homer,US,2022-03-29 02:30:15,59.6425,-151.5483,42.76,73,100,6.91
328,Salinas,US,2022-03-29 02:30:00,36.6777,-121.6555,58.42,74,100,11.5
329,Constitucion,CL,2022-03-29 02:30:15,-35.3333,-72.4167,52.79,85,5,6.85
330,Victor Harbor,AU,2022-03-29 02:30:16,-35.5667,138.6167,67.08,65,47,9.84
331,College,US,2022-03-29 02:30:16,64.8569,-147.8028,42.75,45,75,4.61
332,Maarianhamina,AX,2022-03-29 02:30:16,60.0973,19.9348,26.46,80,100,10.36
333,Teguise,ES,2022-03-29 02:30:17,29.0605,-13.564,61.02,88,75,9.22
334,Qidong,CN,2022-03-29 02:30:17,31.8128,121.6561,56.93,69,0,14.18
335,Pankovka,RU,2022-03-29 02:30:17,58.5,31.1999,19.8,93,86,7.54
336,Inhambane,MZ,2022-03-29 02:30:18,-23.865,35.3833,71.44,76,0,7.02
337,Manta,EC,2022-03-29 02:30:22,-0.95,-80.7333,78.58,83,75,3.44
338,Ammon,US,2022-03-29 02:30:22,43.4696,-111.9666,60.85,36,75,6.91
339,Harer,ET,2022-03-29 02:30:23,9.3094,42.1258,56.07,36,35,1.83
340,Kahului,US,2022-03-29 02:30:23,20.8947,-156.47,82.42,66,40,14.0
341,Ushtobe,KZ,2022-03-29 02:30:23,45.2514,77.9838,48.85,44,0,7.07
342,Kargasok,RU,2022-03-29 02:30:24,59.0556,80.8572,22.39,95,77,6.6
343,The Valley,AI,2022-03-29 02:30:24,18.217,-63.0578,78.82,73,7,10.71
344,Batamshinskiy,KZ,2022-03-29 02:30:25,50.5594,58.2747,14.32,94,95,16.62
345,Deputatskiy,RU,2022-03-29 02:30:25,69.3,139.9,-0.62,85,15,3.36
346,Santa Isabel Do Rio Negro,BR,2022-03-29 02:30:25,-0.4139,-65.0192,72.64,100,100,1.83
347,Nocupetaro,MX,2022-03-29 02:30:26,19.05,-101.15,76.59,28,0,4.18
348,Zlitan,LY,2022-03-29 02:30:26,32.4674,14.5687,56.97,83,13,7.07
349,Bucerias,MX,2022-03-29 02:27:00,20.75,-105.3333,73.98,83,0,6.91
350,Kamenskiy,RU,2022-03-29 02:30:26,50.8855,45.488,35.08,74,100,28.92
351,Sobolevo,RU,2022-03-29 02:21:27,54.4299,31.8996,34.45,97,100,13.0
352,Catuday,PH,2022-03-29 02:30:27,16.2923,119.8062,87.93,54,84,9.62
353,Coahuayana,MX,2022-03-29 02:30:27,18.7333,-103.6833,69.35,77,0,1.97
354,Clyde River,CA,2022-03-29 02:30:28,70.4692,-68.5914,-0.17,85,100,17.27
355,Katsuura,JP,2022-03-29 02:30:28,35.1333,140.3,53.55,77,100,12.71
356,Naifaru,MV,2022-03-29 02:30:28,5.4444,73.3657,82.42,69,1,2.77
357,Waddan,LY,2022-03-29 02:30:28,29.1614,16.139,58.98,53,49,5.06
358,Qatana,SY,2022-03-29 02:30:29,33.4354,36.0815,32.43,48,32,5.59
359,Port Macquarie,AU,2022-03-29 02:30:29,-31.4333,152.9167,67.89,86,100,10.0
360,Aksarka,RU,2022-03-29 02:30:30,66.5606,67.7975,29.46,98,100,6.91
361,Okhotsk,RU,2022-03-29 02:31:30,59.3833,143.3,21.9,62,1,13.24
362,Galesong,ID,2022-03-29 02:31:30,-5.3166,119.3661,82.42,65,71,4.9
363,Amboasary,MG,2022-03-29 02:31:31,-25.0333,46.3833,71.01,87,47,12.15
364,Bathsheba,BB,2022-03-29 02:31:31,13.2167,-59.5167,77.61,73,40,18.41
365,Manicore,BR,2022-03-29 02:31:31,-5.8092,-61.3003,73.72,99,100,2.66
366,Kahramanmaras,TR,2022-03-29 02:29:07,38.0,37.0,30.67,80,11,1.1
367,Doha,QA,2022-03-29 02:26:46,25.2867,51.5333,66.18,45,0,18.41
368,Kupang,ID,2022-03-29 02:31:32,-10.1667,123.5833,82.11,80,100,2.42
369,De Aar,ZA,2022-03-29 02:31:32,-30.6497,24.0123,64.98,46,5,9.48
370,Vredendal,ZA,2022-03-29 02:31:32,-31.6683,18.5012,62.44,87,69,3.51
371,Ardakan,IR,2022-03-29 02:31:33,32.31,54.0175,52.18,13,0,5.41
372,Maragogi,BR,2022-03-29 02:31:33,-9.0122,-35.2225,77.59,84,89,5.03
373,Pangody,RU,2022-03-29 02:31:33,65.85,74.4859,24.76,93,100,17.18
374,Nemuro,JP,2022-03-29 02:31:33,43.3236,145.575,38.28,64,1,13.73
375,Richards Bay,ZA,2022-03-29 02:31:34,-28.783,32.0377,71.44,77,0,15.1
376,Mao,ES,2022-03-29 02:31:34,39.8885,4.2658,52.36,100,0,5.75
377,Nador,MA,2022-03-29 02:31:34,35.174,-2.9287,57.45,100,100,4.61
378,Margate,GB,2022-03-29 02:31:35,51.3813,1.3862,47.3,89,100,3.0
379,Starosubkhangulovo,RU,2022-03-29 02:31:35,53.1031,57.4423,14.94,95,100,5.82
380,Rudbar,AF,2022-03-29 02:31:35,30.15,62.6,66.09,13,0,11.23
381,Revelstoke,CA,2022-03-29 02:29:14,50.9832,-118.2023,48.22,66,100,16.11
382,Loreto,MX,2022-03-29 02:31:36,22.2667,-101.9667,64.29,20,29,4.41
383,Kidal,ML,2022-03-29 02:31:36,18.4411,1.4078,76.87,8,5,10.63
384,Maltahohe,NA,2022-03-29 02:31:36,-24.8333,16.9833,73.02,38,51,3.24
385,Bloomfield,US,2022-03-29 02:28:09,40.8068,-74.1854,25.68,43,20,27.63
386,Olafsvik,IS,2022-03-29 02:31:37,64.8945,-23.7142,34.38,78,100,12.97
387,Beloha,MG,2022-03-29 02:31:37,-25.1667,45.05,70.56,78,73,13.98
388,Evensk,RU,2022-03-29 02:31:37,61.95,159.2333,19.9,74,100,20.98
389,Hamilton,US,2022-03-29 02:31:38,39.1834,-84.5333,35.89,54,0,5.75
390,Hofn,IS,2022-03-29 02:31:38,64.2539,-15.2082,28.8,69,100,10.67
391,Havre-Saint-Pierre,CA,2022-03-29 02:31:38,50.2334,-63.5986,32.36,100,100,5.75
392,Belyy Yar,RU,2022-03-29 02:31:38,53.6039,91.3903,30.09,69,40,0.0
393,Sisimiut,GL,2022-03-29 02:31:39,66.9395,-53.6735,18.05,80,46,5.75
394,Kremenchuk,UA,2022-03-29 02:31:39,49.0973,33.4197,41.79,58,8,17.25
395,Viedma,AR,2022-03-29 02:31:39,-40.8135,-62.9967,68.13,22,3,14.07
396,Pirovskoye,RU,2022-03-29 02:31:40,57.6267,92.2658,26.08,81,8,7.47
397,Puerto Madero,MX,2022-03-29 02:31:40,14.7208,-92.4215,79.0,73,0,0.0
398,Aleksandrovka,UA,2022-03-29 02:31:40,46.8383,32.7612,40.42,66,2,14.76
399,Caravelas,BR,2022-03-29 02:31:41,-17.7125,-39.2481,75.58,91,19,6.06
400,Boueni,YT,2022-03-29 02:31:41,-12.9025,45.0761,78.78,73,56,3.06
401,Isiro,CD,2022-03-29 02:31:41,2.7739,27.616,69.39,78,98,1.81
402,Ixtapa,MX,2022-03-29 02:31:41,20.7,-105.2,73.22,83,0,6.91
403,Zheleznodorozhnyy,RU,2022-03-29 02:31:42,55.7503,38.0042,34.32,80,97,14.94
404,Zyryanka,RU,2022-03-29 02:31:42,65.75,150.85,10.4,80,45,6.89
405,Chernyshevskiy,RU,2022-03-29 02:31:42,63.0128,112.4714,13.91,86,92,5.82
406,Port Shepstone,ZA,2022-03-29 02:31:43,-30.7414,30.455,70.02,71,0,10.71
407,Mata,PT,2022-03-29 02:31:43,40.683,-7.4592,54.93,83,100,2.84
408,Tarko-Sale,RU,2022-03-29 02:31:43,64.9225,77.785,19.54,95,99,16.13
409,Kushima,JP,2022-03-29 02:32:44,31.4583,131.2333,55.78,94,100,6.78
410,Moyobamba,PE,2022-03-29 02:32:44,-6.05,-76.9667,66.65,99,100,0.76
411,Anadyr,RU,2022-03-29 02:32:44,64.75,177.4833,-1.7,78,0,4.47
412,Grimshaw,CA,2022-03-29 02:32:45,56.1834,-117.6027,33.42,93,75,6.91
413,Tsuruoka,JP,2022-03-29 02:32:45,38.7217,139.8217,50.04,37,0,6.91
414,Miyako,JP,2022-03-29 02:32:45,39.6367,141.9525,46.58,60,65,10.0
415,Rocha,UY,2022-03-29 02:32:46,-34.4833,-54.3333,58.91,86,48,7.4
416,Ayan,RU,2022-03-29 02:32:46,56.45,138.1667,20.57,76,99,4.21
417,Karpathos,GR,2022-03-29 02:32:46,35.507,27.2132,58.96,82,88,10.36
418,Veraval,IN,2022-03-29 02:32:46,20.9,70.3667,81.72,62,7,11.43
419,Besancon,FR,2022-03-29 02:27:53,47.2488,6.0182,53.2,64,100,3.24
420,Coolum Beach,AU,2022-03-29 02:32:47,-26.5333,153.1,80.11,73,70,6.46
421,Brokopondo,SR,2022-03-29 02:32:47,4.75,-55.1667,74.16,89,95,7.09
422,Huejuquilla El Alto,MX,2022-03-29 02:32:47,22.6,-103.8667,57.2,27,1,3.96
423,Nochistlan,MX,2022-03-29 02:32:48,21.3667,-102.85,66.6,20,1,3.29
424,Xuddur,SO,2022-03-29 02:32:48,4.1213,43.8894,70.83,77,95,17.87
425,Vaitape,PF,2022-03-29 02:32:48,-16.5167,-151.75,82.54,70,56,14.67
426,Butka,RU,2022-03-29 02:32:49,56.7179,63.7866,24.58,83,100,4.7
427,Trairi,BR,2022-03-29 02:32:49,-3.2778,-39.2689,75.06,95,100,5.46
428,Fort Saint James,CA,2022-03-29 02:32:49,54.4333,-124.25,34.86,63,79,1.95
429,Merauke,ID,2022-03-29 02:32:50,-8.4667,140.3333,79.86,84,100,14.2
430,Grand-Santi,GF,2022-03-29 02:32:50,4.25,-54.3833,70.63,99,99,2.21
431,Kartaly,RU,2022-03-29 02:32:50,53.0522,60.6467,13.84,88,17,10.07
432,Hambantota,LK,2022-03-29 02:32:51,6.1241,81.1185,80.94,94,20,4.61
433,Taiyuan,CN,2022-03-29 02:32:51,37.8694,112.5603,53.46,58,96,6.71
434,Ketchikan,US,2022-03-29 02:32:51,55.3422,-131.6461,46.87,66,100,3.44
435,Coracao De Maria,BR,2022-03-29 02:32:51,-12.2333,-38.75,70.07,95,66,2.51
436,Canchungo,GW,2022-03-29 02:32:52,12.0672,-16.0333,76.69,45,32,9.69
437,Tukrah,LY,2022-03-29 02:32:52,32.5341,20.5791,56.52,82,0,8.55
438,Yulara,AU,2022-03-29 02:32:52,-25.2406,130.9889,89.44,12,56,11.5
439,Yumen,CN,2022-03-29 02:32:53,40.2833,97.2,47.3,23,61,12.46
440,Bonavista,CA,2022-03-29 02:32:53,48.6499,-53.1147,32.63,98,100,10.94
441,Barahona,DO,2022-03-29 02:32:53,18.2085,-71.1008,77.25,77,99,4.92
442,Quatre Cocos,MU,2022-03-29 02:32:54,-20.2078,57.7625,73.09,72,0,4.52
443,Itoman,JP,2022-03-29 02:32:54,26.1247,127.6694,71.62,88,75,9.22
444,Severo-Kurilsk,RU,2022-03-29 02:32:54,50.6789,156.125,29.07,76,99,38.86
445,Ustyuzhna,RU,2022-03-29 02:32:55,58.8394,36.4321,18.91,93,100,10.92
446,Darnah,LY,2022-03-29 02:32:55,32.767,22.6367,60.13,40,0,23.98
447,Yatou,CN,2022-03-29 02:32:55,37.15,122.3833,51.51,46,17,17.54
448,Sorland,NO,2022-03-29 02:32:56,67.667,12.6934,33.42,53,94,10.27
449,Dubrovytsya,UA,2022-03-29 02:32:56,51.5744,26.565,44.58,85,30,10.07
450,Dolinsk,RU,2022-03-29 02:32:10,47.35,142.8,41.2,81,28,13.38
451,Bitung,ID,2022-03-29 02:32:56,1.4451,125.1824,88.65,70,100,10.89
452,Tura,IN,2022-03-29 02:32:57,25.5198,90.2201,81.97,48,72,3.6
453,Ostrovnoy,RU,2022-03-29 02:32:57,68.0531,39.5131,21.85,88,100,17.54
454,Idenao,CM,2022-03-29 02:32:57,4.2475,9.0047,80.1,88,95,5.46
455,Okemos,US,2022-03-29 02:32:58,42.7223,-84.4275,28.38,56,0,5.75
456,Rio Gallegos,AR,2022-03-29 02:31:39,-51.6226,-69.2181,41.05,87,0,13.8
457,Canutama,BR,2022-03-29 02:33:58,-6.5339,-64.3831,73.74,98,100,1.52
458,Baculin,PH,2022-03-29 02:33:58,7.4525,126.5842,83.25,74,70,6.22
459,Shagonar,RU,2022-03-29 02:33:59,51.5333,92.8,20.93,93,68,0.92
460,Klyuchi,RU,2022-03-29 02:33:59,52.2667,79.1667,31.64,91,94,9.37
461,Ati,TD,2022-03-29 02:33:59,13.2154,18.3353,68.61,9,92,12.24
462,Ahipara,NZ,2022-03-29 02:34:00,-35.1667,173.1667,71.58,66,0,10.42
463,Yeniseysk,RU,2022-03-29 02:33:13,58.4497,92.1703,23.47,85,50,5.88
464,Kysyl-Syr,RU,2022-03-29 02:34:00,63.8986,122.7617,15.42,88,100,8.23
465,Anloga,GH,2022-03-29 02:34:00,5.7947,0.8973,82.2,86,60,13.38
466,Luba,GQ,2022-03-29 02:34:01,3.4568,8.5547,78.69,82,70,7.02
467,Mutsu,JP,2022-03-29 02:34:01,41.2894,141.2169,46.51,53,2,8.66
468,Kirakira,SB,2022-03-29 02:34:01,-10.4544,161.9205,82.99,81,100,3.65
469,Sulangan,PH,2022-03-29 02:34:02,11.1373,123.7228,83.5,71,28,12.82
470,Dakar,SN,2022-03-29 02:30:36,14.6937,-17.4441,67.08,88,0,13.8
471,Banjar,ID,2022-03-29 02:34:02,-8.19,114.9675,80.65,84,99,1.7
472,San Quintin,MX,2022-03-29 02:34:02,30.4833,-115.95,61.3,83,79,14.36
473,Port Lincoln,AU,2022-03-29 02:34:02,-34.7333,135.8667,69.66,58,100,8.5
474,Ojinaga,MX,2022-03-29 02:34:03,29.5667,-104.4167,83.35,15,0,3.44
475,Luanda,AO,2022-03-29 02:34:03,-8.8368,13.2343,78.8,89,75,5.75
476,Tuy Hoa,VN,2022-03-29 02:33:54,13.0833,109.3,81.59,74,84,12.01
477,Port Blair,IN,2022-03-29 02:34:04,11.6667,92.75,84.22,69,97,4.88
478,Omaha,US,2022-03-29 02:32:06,41.2586,-95.9378,48.15,38,100,19.57
479,Alofi,NU,2022-03-29 02:34:04,-19.0595,-169.9187,76.89,22,100,8.05
480,San Felipe,VE,2022-03-29 02:30:36,10.3399,-68.7425,70.63,96,100,3.27
481,Nacozari,MX,2022-03-29 02:34:04,25.3366,-108.2574,64.11,67,99,4.47
482,Mujiayingzi,CN,2022-03-29 02:34:05,42.1167,118.7833,48.69,60,100,10.2
483,Atasu,KZ,2022-03-29 02:34:05,48.6814,71.6433,35.83,80,100,20.62
484,Sabzevar,IR,2022-03-29 02:34:05,36.2126,57.6819,43.88,49,0,11.5
485,Uige,AO,2022-03-29 02:34:06,-7.6087,15.0613,66.58,92,100,1.19
486,Isangel,VU,2022-03-29 02:34:06,-19.55,169.2667,83.55,75,72,10.0
487,Arman,RU,2022-03-29 02:34:06,59.7,150.1667,25.02,56,100,13.58
488,Makali,SL,2022-03-29 02:34:07,8.6333,-11.6667,71.91,97,100,0.6
489,Grand Gaube,MU,2022-03-29 02:34:07,-20.0064,57.6608,74.37,81,0,1.99
490,Rosario,AR,2022-03-29 02:34:07,-32.9468,-60.6393,69.08,83,0,4.61
491,Ocumare Del Tuy,VE,2022-03-29 02:34:07,10.1165,-66.7761,78.6,97,100,2.39
492,Kathmandu,NP,2022-03-29 02:34:08,27.7167,85.3167,64.62,77,75,0.0
493,Alice,US,2022-03-29 02:34:08,27.7523,-98.0697,72.97,78,0,18.41
494,Sibolga,ID,2022-03-29 02:34:08,1.7427,98.7792,85.03,55,2,2.89
495,Plettenberg Bay,ZA,2022-03-29 02:34:09,-34.0527,23.3716,65.46,85,100,1.72
496,Igarka,RU,2022-03-29 02:34:09,67.4667,86.5833,16.16,94,100,16.6
497,Ankola,IN,2022-03-29 02:34:09,14.6667,74.3,83.1,73,81,1.52
498,Lyskovo,RU,2022-03-29 02:34:10,56.0328,45.0422,28.72,97,100,14.25
499,San Pedro,PH,2022-03-29 02:34:10,14.35,121.0167,92.35,62,20,13.8
500,Huarmey,PE,2022-03-29 02:34:10,-10.0681,-78.1522,71.17,84,95,10.04
501,Bukene,TZ,2022-03-29 02:34:10,-4.2333,32.8833,65.52,93,99,1.86
502,Hastings,GB,2022-03-29 02:31:21,50.8552,0.5729,50.29,87,100,10.87
503,Creston,US,2022-03-29 02:35:11,41.0586,-94.3614,41.34,42,100,20.71
504,Bellinzona,CH,2022-03-29 02:35:11,46.1928,9.017,54.0,58,20,0.0
505,Wencheng,CN,2022-03-29 02:35:12,33.0559,113.7978,67.15,57,9,11.14
506,Goderich,CA,2022-03-29 02:35:12,43.7501,-81.7165,26.91,58,100,11.5
507,Shimoda,JP,2022-03-29 02:35:12,34.6667,138.95,53.96,82,100,13.47
508,Zalesovo,RU,2022-03-29 02:35:13,53.9939,84.7431,31.82,97,99,8.9
509,Naze,JP,2022-03-29 02:35:13,28.3667,129.4833,63.52,86,100,9.24
510,Bilibino,RU,2022-03-29 02:35:13,68.0546,166.4372,6.76,70,90,3.67
511,Wewak,PG,2022-03-29 02:35:14,-3.5534,143.6268,82.04,77,100,7.74
512,Uruguaiana,BR,2022-03-29 02:35:18,-29.7547,-57.0883,71.53,73,0,8.05
513,Namatanai,PG,2022-03-29 02:35:18,-3.6667,152.4333,85.62,66,80,10.67
514,Smithers,CA,2022-03-29 02:35:18,54.7804,-127.1743,48.52,37,40,4.61
515,Yangliuqing,CN,2022-03-29 02:35:19,39.1375,116.9997,55.35,54,100,13.51
516,Vila Franca Do Campo,PT,2022-03-29 02:35:19,37.7167,-25.4333,57.61,87,57,4.65
517,Griffith,US,2022-03-29 02:35:20,41.5284,-87.4237,28.06,69,0,10.36
518,Eenhana,NA,2022-03-29 02:35:20,-17.4667,16.3333,67.44,64,99,4.72
519,Lagoa,PT,2022-03-29 02:35:20,39.05,-27.9833,59.04,88,82,8.72
520,Kensington,AU,2022-03-29 02:35:21,-33.9167,151.2167,72.12,92,75,5.75
521,Sehwan,PK,2022-03-29 02:35:21,26.4279,67.863,87.78,19,0,4.43
522,Udachnyy,RU,2022-03-29 02:35:21,66.4167,112.4,7.45,77,98,16.55
523,Snezhnogorsk,RU,2022-03-29 02:35:22,69.1933,33.2531,19.18,79,100,18.39
524,Santa Isabel,BR,2022-03-29 02:35:22,-23.3156,-46.2214,70.9,97,95,3.18
525,Jardim,BR,2022-03-29 02:35:22,-21.4803,-56.1381,75.38,81,40,4.65
526,Aleksandrovsk-Sakhalinskiy,RU,2022-03-29 02:35:23,50.8975,142.1561,36.43,78,91,16.84
527,Nola,IT,2022-03-29 02:35:23,40.922,14.5329,55.92,90,10,1.97
528,Shakhtinsk,KZ,2022-03-29 02:35:23,49.71,72.5872,32.49,82,100,18.61
529,Mazagao,BR,2022-03-29 02:35:24,-0.115,-51.2894,77.05,99,100,3.11
530,Datong,CN,2022-03-29 02:35:24,40.0936,113.2914,50.23,54,100,6.55
531,Omsukchan,RU,2022-03-29 02:33:13,62.5333,155.8,8.15,88,100,9.71
532,Kalmunai,LK,2022-03-29 02:35:25,7.4167,81.8167,82.17,76,19,4.38
533,Doraville,US,2022-03-29 02:35:05,33.8982,-84.2833,55.67,46,0,4.61
534,Kavaratti,IN,2022-03-29 02:35:25,10.5669,72.642,83.68,77,100,11.95
535,Joshimath,IN,2022-03-29 02:35:25,30.5667,79.5667,68.81,22,0,0.4
536,Riwaka,NZ,2022-03-29 02:35:26,-41.0833,173.0,72.01,48,37,4.21
537,Haines Junction,CA,2022-03-29 02:35:26,60.7522,-137.5108,39.15,48,72,4.61
538,Houston,US,2022-03-29 02:32:53,29.7633,-95.3633,73.13,80,75,13.8
539,Alvorada,BR,2022-03-29 02:35:26,-12.48,-49.1247,73.44,90,94,2.73
540,Hinton,CA,2022-03-29 02:35:27,53.4001,-117.5857,30.11,99,99,0.78
541,Zakamensk,RU,2022-03-29 02:35:27,50.3741,103.2863,23.22,87,100,0.69
542,Tyukhtet,RU,2022-03-29 02:35:27,56.5389,89.3011,31.03,94,98,7.05
543,Necochea,AR,2022-03-29 02:36:28,-38.5473,-58.7368,66.76,56,0,15.35
544,Pervomayskiy,RU,2022-03-29 02:33:13,53.2485,40.2871,35.42,92,100,13.35
545,Watrous,CA,2022-03-29 02:36:28,51.6668,-105.4679,33.58,80,92,11.5
546,Phan Thiet,VN,2022-03-29 02:35:54,10.9333,108.1,89.15,52,7,5.23
547,Eureka,US,2022-03-29 02:35:58,40.8021,-124.1637,55.2,86,85,5.99
548,Shiyan,CN,2022-03-29 02:36:29,32.6475,110.7781,63.46,62,68,1.88
549,Abha,SA,2022-03-29 02:36:29,18.2164,42.5053,50.25,30,0,0.0
550,Nouadhibou,MR,2022-03-29 02:36:29,20.931,-17.0347,64.38,94,40,8.05
